{"symm_si_mean": [755.3166520907296, -0.01188022715071048, -0.043975830270166, -0.0637721787754638, 0.03718230791314397, -0.03230400276610657], "symm_si_std": [15.252498163096172, 17.913075569801688, 17.798255910832378, 18.2427858123042, 17.938677790157932, 18.27501320909954], "symm_o_mean": [348.9359393738759, -0.00042430300424855133, -0.010859099626439538, -0.011689016719447751, -0.043167124685716714, 0.03938484885052448], "symm_o_std": [33.440910926896386, 27.81603010779115, 27.761001762716386, 28.04347362588059, 27.73181825273585, 27.91910081244426], "antisymm_si_mean": [0.001983255297565863, -0.021835408880454925, -0.00458033001819734], "antisymm_si_std": [8.606974487799075, 8.568363248848053, 8.515385759833787], "antisymm_o_mean": [0.009108113832358393, -0.016049785946722697, 0.009246055264453613], "antisymm_o_std": [3.3694167978888476, 3.262673352486054, 3.2632233942393394], "efgsymm_si_mean": [-2.260104144697491e-17, -0.00019909123533027077, -0.0005854887316890707, 0.0006870658331977471, -0.0010824594007197077, 0.0004238557948494542], "efgsymm_o_mean": [1.6220409426586966e-17, -0.00071452169680148, 0.0011514477368440522, -0.0014511689527067944, 0.0007570342061142678, 0.0001814546273990115], "efgsymm_si_std": [8.578400640696962e-15, 0.20997595378396255, 0.2104238322594326, 0.21516693895245811, 0.21087344704858138, 0.2141776900816045], "efgsymm_o_std": [9.390131496277452e-15, 0.5491488744405668, 0.5462505103642026, 0.563833226466678, 0.5449692782235447, 0.5608948946851133]}